,NoPreprocessing Identity,Residuals Identity,NoPreprocessing Corr-50,Residuals Corr-50,NoPreprocessing LGMRF,NoPreprocessing LGMRF uniform-weighting,Residuals LGMRF,Residuals LGMRF uniform-weighting,NoPreprocessing LTMRF,NoPreprocessing LTMRF uniform-weighting,Residuals LTMRF,Residuals LTMRF uniform-weighting,NoPreprocessing Pairs-5,Residuals Pairs-5,NoPreprocessing Pairs-20,Residuals Pairs-20
200002,0.21849019611261358,-0.06156930663515359,0.21394389296967747,-0.0715940607048366,0.21939655745982864,0.1563956202364286,-0.07123050776592757,-0.057289945556855,0.1321034506183033,0.16646603314270547,-0.07014807989822461,-0.05896934430701091,0.04117117270167614,0.0,0.09516957896675929,-0.019280359907809186
200003,-0.028093541508106324,0.05897658885447265,-0.014448092356366187,0.06340588807312701,0.02080493134060853,-0.008767697129515561,0.05907713256009398,0.06813698032945104,0.01114250844079049,0.028299402786492508,0.06260040673582543,0.0665682347581417,0.0,0.0,0.05355605774130891,0.2020624306312061
200004,0.012770772122571836,0.09191174145891579,0.05824499062198552,0.08595104115372976,0.03518491071375453,0.03179273873718594,0.09702970918799973,0.10963783814312911,0.038408842765429475,0.024590334569100356,0.05503037290751231,0.09039373025074657,-0.11988144289287539,0.03446230772905656,-0.0020946542666232565,0.05431364655414084
200005,0.0973266458270389,0.05020595180996044,0.0338188492033359,0.02296728192097387,0.04091507036522585,0.06393527757626483,0.014074427219912793,0.023195319289606244,0.02138503422806689,0.021479873197267782,-0.014304209054978359,-0.025045272626628607,0.09080477397655984,0.1344271231423969,0.08733339683843333,-0.012088958330107178
200006,0.0745340393595443,0.015397583146011386,0.0811896730709227,0.020720589894012337,0.08591610504214585,0.08356601805327121,0.04941978601342139,0.04697193840294267,0.07510410350625467,0.09697446474397464,0.04971135557546952,0.04572559770779635,-0.05214218135411608,0.013359891699192605,0.0025512845665131567,-0.011572919200339652
200007,0.033608215148090696,0.017614740770636718,0.02875834237899172,0.043287857777085645,0.03544919764563193,0.03135870137330987,0.023323622468609553,0.020327263879960734,0.0040286753195191375,0.04380226165450916,0.01586817411352271,0.029909779278308974,0.0,0.0,-0.06394449468703539,0.07853186842528181
200008,-0.02759809666136251,-0.035876788934248255,0.007820958584908859,-0.022664414901455283,0.011204677991104283,0.01844984774223023,-0.0272152782082732,-0.03151859151112639,-0.007488338471991887,0.011066377775651615,-0.009902180702131424,-0.012871839544476533,0.0,0.014698811232270272,0.014206734469395941,0.10796465132978816
200009,0.014110239135002657,0.018543692336419944,0.03536812837960112,0.017769683069558992,0.06174121352180656,0.06032691542598299,0.0392669410887154,0.040037789788689854,0.09551310669436944,0.0880928073434,0.05401744518497003,0.040377741455835794,0.0,-0.10268167094165226,-0.00021019480215878072,0.009726619510558192
200010,-0.03571634487311078,0.029345698895020707,-0.032674317580300434,0.019992432272516472,-0.048602900479657596,-0.03694814515953177,0.013674058442123042,0.020307287015507998,-0.031055779660263735,-0.022319766699925497,0.05853345959154938,0.041105188824617014,0.089134754488294,0.007163902256458028,-0.0069399835697115005,0.02872857774671108
200011,0.02329472596752214,0.07454097271186194,0.0293671420683132,0.08327688745332439,0.03108425035682135,0.02447393707057538,0.09993384206694671,0.0862689326687358,0.043882532876732314,0.04321770684800513,0.10335127956390015,0.0780898856198919,0.0,0.0,0.02262700326737714,0.036705702075648716
200012,0.1458253161846761,0.055454762725083734,0.14401630826318,0.05714984161881935,0.11740686456889285,0.12645928387517547,0.0695475909856138,0.06096343473346249,0.12090132751478347,0.0884768437263305,0.046307140697216524,0.06735205009232616,-0.02499000862675288,-0.010426659997413934,-0.0247777058721778,-0.020070765267230277
200101,0.1543340606594851,0.08458803836780354,0.09046973449181295,0.02851512008740671,0.07841492402168761,0.0756916822192,0.0353212129266225,0.057492549048258186,0.02487105275976453,0.0704440424017529,0.008206890530016057,0.022015184778579888,-0.05534788738348284,0.0076658799552074,0.020502756208285455,-0.022665373936060874
200102,-0.055981630357217774,0.06187774434194098,-0.03046738432303918,0.05807861600876263,-0.016543165794501227,-0.0311798559192452,0.05646956334590044,0.05513291144424265,-0.0350364185623831,-0.034092339516853205,0.05342744000398146,0.052458375237913565,-0.019216752299147766,0.08492931748090982,0.08061956888389243,-0.10317120957945036
200103,0.06735762059533909,-0.03285557598236149,0.06475537450418471,0.014439586733355053,0.07672967653458823,0.07227926161992669,0.022277348838898613,0.007650951158293607,0.101157674503439,0.07752740217361896,0.020958920519346187,0.024010421876894915,0.0,-0.04959994878692431,0.017952797842289557,-0.025689669849290664
200104,0.06059658772193812,0.031186384961277472,0.07114849945681201,0.04540571170232463,0.0666386415736615,0.0612632972770223,0.037972257113763765,0.05458796698725243,0.05647917456546882,0.026509571420154334,0.056262788059239774,0.04352669778567927,0.0,-0.05008208199804831,0.018509026888615443,-0.021236232254264742
200105,0.04551157785853666,0.044647243787333944,0.0342646655566567,0.04969646538054133,0.05501731202713356,0.04629112285533718,0.0408669252771723,0.05253460479777235,0.055009886715856916,0.05558254355091273,0.03868827737422011,0.025317150460118915,0.07409278247884166,-0.01475654281047234,0.10328688994420325,0.053828158800672044
200106,0.010895465087016453,0.0239249786659944,0.009797356501449354,0.036273315471968645,0.02124308792609065,0.028598615689043268,0.04428914505992952,0.0424814423054625,0.003394337524809413,0.027779953715973627,0.04108687396402499,0.0475906502569523,0.040637319517676795,-0.021006350390193496,0.009642541546583719,0.027506765532317897
200107,-0.0011330417660971445,0.005816865830584009,-0.008738471235831435,-0.000763349034166182,-0.013874685053152376,-0.001201979199226406,-0.012473667025472219,-0.007132112445518225,-0.009061565560637117,-0.02758142982390396,0.020619102994977767,-0.03421873851922917,0.0,0.0,0.021442195033364485,-0.02621551203490524
200108,-0.044619940957870204,0.05343648140373769,-0.01585009114701604,0.07559772718264714,-0.04138878024743966,-0.0310250808111386,0.08663372769573391,0.08032402735347732,-0.05329018949553804,-0.04818170274278158,0.06632389258839348,0.06635212246381039,0.0,-0.05218091037633049,-0.029772090537045853,0.028135942474173656
200109,0.08280175504730336,0.05891603876368425,0.05329689339707592,0.048004213128871064,0.07014858438002293,0.05176245044297014,0.052603401235142865,0.06094644620797219,0.05389509082277249,0.07155541604391412,0.046488684249630506,0.03444208733857791,0.0,-0.021668812373589086,-0.030765998809198614,-0.004563667461971653
200110,-0.032085490935310865,0.024584646919987154,-0.013095166949547273,0.02191321786348074,0.0015901897458645599,0.006861419275005139,0.023767949529747683,0.03006505536559583,0.004027990778534811,0.010879404247580148,0.018658751316306316,-0.0038907355209269055,0.0,0.040588585392419496,0.01447679874480362,-0.023696486618422274
200111,-0.018156376118303535,-0.007197212213177205,-0.021487962171341392,0.0038627737321427083,-0.005415989550364717,-0.019619810556933667,-0.006611717888322514,-0.007112178111726923,-0.0035255916032752525,0.012858649678270126,-0.0020021345307743967,0.002464826489438475,0.0,-0.036880254325869936,0.07807736191283066,-0.2321178484797273
200112,0.023392012730951317,0.03326600322429703,0.011588282879071413,0.038190105099220155,0.020758634490531586,0.017671403284886728,0.01690860911347466,0.028416949514922393,0.03894826721766258,0.02135212381866683,0.015417173939805361,0.004574080676819095,0.02341211597043369,-0.023362910285654848,0.06222219055312346,0.05079013729195913
200201,-0.034993658148827086,0.04925690692467223,-0.027044542006885122,0.04698406711882631,-0.03076080972643758,-0.019477661450716152,0.04686034441439927,0.04399287556960315,-0.0040999286341875055,-0.026594851518556176,0.016382637101524117,0.019110056516618876,0.0,-0.009960114618415838,-0.037852874773635636,0.020465684156206976
200202,0.11586674347468263,0.0613000225235302,0.10419955549400478,0.0544876968123676,0.10358352226638215,0.11051149363891094,0.07700287459166609,0.06707772805054797,0.12236886587288767,0.08771134113120319,0.07035227404195679,0.06342191819332756,-0.024066708687534355,-0.05108360101985476,0.07942729886289433,0.006812284498528224
200203,-0.008364491561250388,-0.008995058652748023,-0.00024253367934181508,-0.018749934585053675,0.015233344699677291,-0.019495419809284514,-0.015316062992291688,-0.02132339069866433,0.011019359283601555,0.01576686079557425,0.026380461889992282,0.01079588845003691,0.0,0.0,0.024111327767750435,0.06000408581048822
200204,0.017394880045709007,0.014550957644905906,0.006013679340868457,0.008485971304378562,0.01195940953577155,0.009198319071582133,0.010670792168114392,0.016513961534744027,-9.530647200583258e-06,0.010151543753289237,-0.017539302425783724,0.0018314462520470326,0.0,-0.05479731287199985,0.04610473260598809,0.0286670277217399
200205,-0.04596338313480951,-0.028438279988432034,-0.02259205816908902,-0.025019706498522386,-0.041443094760938756,-0.03770367241566006,-0.05523532916055012,-0.0167848223708715,-0.03357575036947554,-0.051838149373891834,-0.06327645987639133,-0.04952032196131309,0.038555384456432584,-0.08090049666322385,-0.016676013047839867,0.017192960547478753
200206,-0.01798130667463227,0.0667453030764253,-0.020913443762442637,0.051719951591192505,-0.036751106450879124,-0.01694610423006429,0.06689263705808583,0.05752027751861407,-0.059264232181996,-0.02788719487275168,0.029376012690781595,0.05685490614751974,0.0,-0.5113450648976385,-0.5413433864593853,-0.0842100684168118
200207,0.06872502566271634,0.04337942086168141,0.05134666726757314,0.07861268114182847,0.06690119370885331,0.05222099490922255,0.04703933359151823,0.05786792575136453,0.07473080756184403,0.0754132722842227,0.04491307442924189,0.040177062796181544,0.007842401370545815,0.1948716882141348,0.10217950219570267,0.0557688916704638
200208,0.003768752665621383,0.031036612827221886,-0.0058174303591734255,0.011592294576834033,0.005786464348113846,-0.013718709879384831,0.008796647821696587,0.008185210334867443,0.0197278102668026,0.028508250812631215,0.004787150887954547,-0.0023668469223434973,0.033686071387356575,-0.04884091311909289,0.02400508654403223,0.013925337586523286
200209,0.013277761530946293,-0.11893951146955706,0.0024301216890700644,-0.10767920599224823,0.017042062916604726,0.032145818747881305,-0.10100501647970722,-0.1127543692698901,-0.011199269641892304,0.03623340274982114,-0.12358480464319894,-0.12199456782369932,0.0,-0.045186089142344565,-0.015358339752936241,-0.0756766340634984
200210,0.010730399334471804,0.19657223782854874,0.02864039604364697,0.19354580207862934,0.03327671805579189,0.05772409389738067,0.1969003847921893,0.1820758788111398,0.12212361626265285,0.0534226447590364,0.18958915632561116,0.2074880838579252,-0.2263666595077516,0.03332286503184918,-0.01712842214125744,0.013440156899097718
200211,0.11392554830826412,0.05396462606152337,0.08201934131476346,0.05741295335857843,0.09591804748982836,0.07903148519888037,0.04993874537614513,0.04935560442693161,0.06601603398553413,0.08549449016468279,-0.002276173955627351,0.04664634852000266,0.0796390383838641,0.028221479238480507,0.05084778609631842,0.005651149465160633
200212,0.00923981418822632,-0.01680279092630965,0.008095103922554308,-0.012358323582980259,-0.010742124738058679,-0.01392148403518399,-0.021230615337436066,-0.017852053133845056,-0.0035396096845874765,-0.000685399746090332,-0.017789591783041108,-0.02957059139210281,0.0,-0.13574818103068043,-0.05308560079935759,-0.06581024089135779
200301,-0.056231302421638645,-0.046875147371472185,-0.04641395113587949,-0.054823649350332855,-0.04336889448955298,-0.048803641251780015,-0.05208217294536629,-0.04635867308199964,-0.0387854242044493,-0.05852277717871073,-0.05419883736582103,-0.06046804138507974,0.0,-0.12398849049066185,-0.03314960089835517,-0.1853953106294321
200302,-0.004414892879134491,0.0017443092247291785,-0.014528188654109896,-0.014080172633789224,-0.003696061849965665,-0.00921319666477741,-0.02174077234541018,-0.006105894999402569,-0.021230204091535317,-0.028304226137537192,0.01430579395084282,-0.010483452357768258,0.0,0.0,0.0,0.2700169619114018
200303,0.060143161207404205,0.052096526171804984,0.048054388437905514,0.05549224544707249,0.035117986772273714,0.06479245834256286,0.03309590539181083,0.040642257272669756,0.032330014366025776,0.02751380114764277,0.05042558278556101,0.024019623392366483,0.0,0.0,0.0,-0.05175790726792173
200304,0.04152133960861595,0.08358647112259336,0.01368123162538813,0.10245717947434574,0.03770029755131968,0.047802313109803575,0.09927713124591508,0.10086548890296143,0.006718727406357174,-0.007767743435889759,0.10767133982924003,0.10025311438390941,0.0,0.0,0.0,0.0
200305,-0.004195171440888625,0.010496766597213276,-0.01993290478696187,-0.00239253524616547,-0.017908023183378825,-0.016838740354151845,-0.007297197379189912,-0.005987374183906807,-0.0076080407348887436,-0.02502511820850934,-0.010283230432926976,-0.00938376572683388,0.008665582711494757,0.008665582711494757,-0.001464021777916047,-0.009329319830973626
200306,0.032532755219666906,0.06011946882661954,0.040653467033791524,0.052639540262458935,0.04725436602244645,0.03558093391221891,0.05429143388257732,0.04754276016028157,0.045362944110173414,0.027530878402953547,0.043989749765440504,0.017608396377746943,0.013548081774421572,0.0,-0.10157346052042904,0.05506615169060347
200307,-0.01551852039412545,0.02645155933730371,0.0011353222785384157,0.03666017204058678,0.0035116274536721166,0.009441092100172422,0.037900085517186634,0.02939803392109301,0.0200008041499901,0.027392471288133883,0.021291062326785036,0.008677701184942509,-0.040717348214541094,-0.040717348214541094,-0.025382588132492424,-0.017440646875762855
200308,0.04937415720587173,0.05213497931624243,0.06000886768193851,0.05580215508092017,0.058607916099182804,0.04394270039845176,0.050088847570390976,0.0411203164709828,0.033167716791795414,0.029628116685613715,0.05318333463005001,0.045949154545657706,0.0,0.0,0.0,0.0
200309,0.04773347657741482,0.039120448544157506,0.04330221208931689,0.009060620170066255,0.03362176941214053,0.04238595572575548,0.015001657843123902,0.029154319039338118,0.024354453964388272,0.020813580561718125,0.010718331333950441,0.003068995291998179,0.0,0.0,0.0,0.0
200310,-0.0009461203792583903,0.02019159217920816,0.008746010714160661,0.01431270015980055,-5.374934831411048e-05,0.004567416602441426,0.0161095028974138,0.019944936335030486,-0.007777568709269417,-0.021726872046938323,0.003746867151757131,0.011150688841457016,0.0,0.0,0.051532597170609096,0.0
200311,0.02545016137431589,0.04517045655775324,0.024156299205926567,0.041461481968568546,0.03935979670476267,0.03721162267607337,0.05121970167223128,0.05323319353293712,0.03246382284100715,0.02504888748580033,0.045027015206346895,0.03627093300001381,0.0,0.0,0.0,0.0
200312,-0.001603851070266588,-0.013198787141802042,-0.008120458626756331,0.0030483177691529527,-0.005248154785939819,-0.007659101295149376,-0.006566990703932946,-0.008722614216070658,0.013909342109621086,0.004123319982152014,-0.0354583090356821,-0.02796322286046763,0.0,0.0,0.0,0.0
200401,0.008806012298603012,-0.008516120061679537,-0.0005005711296777772,-0.002422021298759865,0.01386764115956108,0.012901181143335392,0.0010909667915373524,0.011028578320931936,-0.010071296714877517,0.010270751491996235,0.004766064214827447,-0.003573757787108036,0.0,0.0,0.0,0.0
200402,0.0012331636650086126,0.0024686341870414144,0.0024015419812276843,0.0012921106409412675,0.014776105260859965,0.003599097710238736,0.016191234310297363,-0.0005044633750030997,0.01603443590235541,0.00920498551615327,0.009533195710241367,0.009881713308258433,0.0,0.0,0.0,0.0
200403,0.041968012586612556,0.0700181327080029,0.037811931862734134,0.05229903476179104,0.016858632053234804,0.030311391263684432,0.024809576743772214,0.03373962746797654,0.024622630212779585,0.012687912378075898,0.029914239438095243,0.01743288592167765,0.0,0.0,0.0,0.0
200404,0.03909286519050513,0.044757149684100654,0.0267274920399796,0.03443402542114774,0.019107975975533962,0.023634365420710717,0.026412501094077032,0.030653879177263903,0.004583342583285507,-0.008685435735665187,0.016247944885592093,0.019971098162934464,0.0,-0.06800866656557258,-0.06800866656557258,-0.03194441994553032
200405,0.002798030808165721,-0.00045798974811572584,0.0123696364695664,0.010077143850094722,0.0029528862347729667,0.009633867625879936,-0.0025996985737560866,0.0076790630837380676,0.008215398351826674,-0.0008462661482711046,-0.0005815990969142517,0.00985551986802777,0.0,0.0,0.0,0.0
200406,-0.00711833197926027,0.030463296138209483,5.556564187510172e-05,0.022779086617986406,0.007333407619754215,0.012001384313679916,0.026262046338195923,0.024877336011286385,-0.0009469799700249488,-0.01735946213410823,0.008810644252827906,0.016603019750660312,0.0,0.0,0.0,0.0
200407,0.022399936786286594,0.03670446921375012,0.016243242102989018,0.03755449646576174,0.02364816337245319,0.032741406975214306,0.05369925748534567,0.03343685011344599,0.03146884016375443,0.03627997129708133,0.07132284641623711,0.059836767984239723,0.0,0.0,0.0,0.0
200408,0.05231112157201225,0.052586715985558495,0.03549667887409653,0.04203038043413466,0.02344123474725248,0.03404336046079061,0.0428858405353185,0.039819461047574875,0.012635920086121341,0.008807293735237153,0.023744325018974142,0.015869320169509808,0.0,0.0,0.0,0.02374822590609338
200409,0.006636082708011913,0.011017411109898708,0.025627160796500802,0.0002779245983195413,0.011854673970223972,0.009981967428023604,-0.001117113819460868,-0.0028252471035682784,0.026752165109008113,0.021849157215598197,0.012371853981696693,0.0027292766988635782,0.0,0.0,0.0,0.0
200410,-0.0065908597562207944,-0.004517090065530481,0.011632721693046855,0.0008802290669802457,0.00110529079543179,-0.0008491296437608431,-0.004981132871921027,-0.004036081410745406,0.009204058486921199,-0.0031415789132200706,0.014791631190463325,0.006725281211733971,0.0033470760612823725,0.0033470760612823725,-0.009903973385328113,-0.03019343588555201
200411,-0.008216292781693727,0.005242502136928515,-0.008462686024768691,0.002300135388372758,-0.013331527535966859,-0.015430416392765546,0.007297927421158609,0.006229818853599732,0.0020401666259940296,-0.0012134688461000317,0.01178968602405523,0.006034409944761366,0.0,0.0,0.008245092896920547,0.0
200412,0.03331036800563915,0.01341351616233291,0.016690686618655682,0.011550842187186458,0.022069800824272148,0.02550881491436316,0.008669059904755807,0.007313873690369347,0.00239133358986886,0.003643379814345883,-0.018568355847121104,-0.02381713514310354,0.0,0.0,0.0,0.0
200501,-0.03502588619934519,0.014446862416767344,-0.030069926502815807,0.008334099463638738,-0.03158445761873728,-0.02872023277767327,0.01219331939919608,0.0009739171559657582,-0.0011907512223381241,-0.0180765209963753,-0.0052411770770122885,0.011678955539575547,0.0,0.0,-0.11004339227204296,0.0
200502,0.02510570381315144,0.023175238900274606,0.0138986090975041,0.028329534458758892,0.0140414894857753,0.013368996393441513,0.003993832813241438,0.005228944911141688,0.007307043567632694,0.01847411324711097,0.0057443976138260985,0.0069040367177968555,0.0,0.0,0.0,0.0
200503,0.011192682627978115,0.044356085067044644,0.02214612781908672,0.02960031731101833,0.013631332318308893,0.007753720334215179,0.030527125656519133,0.028362296772044028,0.01308921196033432,0.001536023438359156,0.021432422201147407,0.03609947102594655,0.0,0.0,0.0,0.0
200504,0.02649222682236627,0.006561181405529597,0.026604756134816113,0.0016447007409613394,0.030615413915311668,0.027461390043513438,0.006843615178206093,0.006404267172538121,0.01168608743325321,0.010809011808178271,-0.0017881229587234002,-0.006813942451612756,0.0,0.0,0.0,0.0
200505,-0.024443943557047324,-0.010032932221592815,-0.01694492769308959,0.001512315718613278,-0.013605900127368046,-0.023535610596181877,-0.001288137249085332,-0.003453988895419989,-0.013636954908815408,0.0001638648110300657,-0.024793643051337095,-0.018819972792641727,0.0,0.0,0.0,0.0
200506,-0.00021962151511666832,0.0017554922197412426,-0.0046380582858994235,0.0017075151583831464,0.005876233544640807,-0.005982927675615281,0.02050942120193308,0.010599262201311292,0.006893779063768524,0.022121283597275256,0.02791693021195253,0.030480536116508306,0.0,0.0,0.0,0.13173658906724373
200507,0.009034749337855554,-0.010653766640235367,-0.0009302461943929328,-0.0015286889230715036,0.002350578362471404,-0.006814262703095566,-0.004844650114108461,-0.009698389021007371,0.022178898351226353,0.010476597494795637,-0.0023135369294404354,-0.0036245452002973046,0.04006185809648488,0.0,0.08115514712278771,0.0
200508,-0.05437849422160802,-0.03824380346223053,-0.04440433431432525,-0.025352844662687057,-0.024671614755559932,-0.03353536779552661,0.00011667371024261925,-0.020492486640908376,0.005359409569702029,0.005152932251611551,0.013001995446207127,0.004846864707090539,0.0,0.0,0.0,0.0
200509,0.024285065884738187,0.019436239380296573,0.021950605134147313,0.014375919622686553,0.005456730985472315,0.014070252157114034,0.016406311395928973,0.01852470818992362,-0.01773136970727332,-0.011330537308292464,-0.009549463103657497,0.0044266267152218925,0.0,0.0,0.0,0.0
200510,-0.017515518509668628,-0.01633238151057146,-0.012494889659259057,-0.00812548537670118,-0.023193360923014578,-0.020595884575897862,-0.01813082754020857,-0.005904880627271761,-0.008126803018158435,-0.022999963063568406,-0.006862648230611107,-0.005869472031721493,0.0,0.0,-0.006863677536339097,0.0
200511,0.026231734940905346,0.014099233086076135,0.007836951237377184,0.016697011136898508,0.009930571013012788,0.010518682632731894,0.010827164873371653,0.004760747122595386,0.030606623532308617,0.015808754944211547,0.016140968268141834,0.012697382597499035,0.0,0.0,0.0,0.0
200512,-0.033489187647820585,-0.04436426946232036,-0.03718317370070261,-0.04131343874654849,-0.026242653313997687,-0.025150066079089935,-0.0362726064301535,-0.030072439710034253,-0.006987015373675317,-0.016443668124513464,-0.03544061214887841,-0.03384175041174879,0.0,0.0,0.0,0.0
200601,0.04271032580363522,0.04594386902743206,0.03825471003277861,0.043128652764110154,0.018846590972778972,0.026163631444260198,0.03114177265028982,0.035725906736407444,-0.005765854556379946,0.01732084874068556,0.019117485053019825,0.01085191257785395,0.0,0.0,-0.013496059896870582,0.03583256719196348
200602,0.014550459595715373,0.0029756057422194644,0.01223824008689834,0.008684665444092436,0.0050933180797207425,0.013370520139580663,0.0038919488531910765,0.007296376232358686,-0.007492165407110194,0.015510913248321273,-0.007509171047755614,0.01220094331185238,0.0,0.05619175927161013,-0.04342331874468708,-0.07651118947100599
200603,0.03050495571984159,0.01625394367073616,0.02618824635105653,0.013246777936685977,0.017730705334415328,0.011400045041541311,0.018225808309932794,0.012793732237806752,0.04110645900343139,-7.967761654285865e-06,0.023093061535786226,0.017279894675358613,0.0,0.001669688720674859,-0.0958327554737699,0.051651550640884336
200604,-0.00303375680780701,-0.00813404374123948,-0.002997276667524576,-0.006920953346349852,-0.010295861440287194,-0.015109309582822915,-0.007305600075390793,-0.006578816285988064,-0.008747015548214974,-0.012238370284692216,-0.002399337529130497,-0.0031720988436655714,0.0,0.013533535517639583,-0.020307114084928968,-0.007481350363790107
200605,-0.016108598493757554,-0.019264185066131995,-0.005266430658396753,0.003823322215165406,-0.008106762946986954,-0.004011887861664448,-0.006795760389825541,-0.007964661324770524,-0.004744915623065136,-0.00579496386416432,0.009178076714662151,0.004757036400506601,0.0,0.0,0.0,0.0
200606,-0.016445892720396878,0.004638716366116049,0.008726806148573086,0.0225528976585923,0.012523093272946153,-0.0014718617783661886,0.025242580311978652,0.016189556568160835,0.036333962813820314,0.03687836754784179,0.05504876217251678,0.025263476786006142,0.0,0.0,0.0,0.0
200607,0.006198025310865541,-0.006779475147393241,0.012138803877392388,-0.013849854332051766,0.013201593081918334,0.012820895071691716,-0.02210109205222541,-0.025438127179374912,0.0311138542128775,0.01621032767288878,-0.0033185179974677117,-0.024697382954611553,0.0,0.0,0.02849231818873399,-0.026231329743228504
200608,0.009379733147105907,0.035660401173922246,0.007176064593772685,0.03459845232115232,0.019187470250753066,0.021613766441448582,0.03681893555033325,0.03495358069259554,0.029014312223995923,0.056228770867247535,0.04976763750955405,0.03908955165369218,0.0,-0.022149415687822804,0.0,0.0
200609,-0.008961449771740116,0.003752855289673145,-0.000948536188509658,-0.00679629985469546,-0.003973992056956321,-0.000753654973415029,-0.0006553943792071391,-0.009816442118094027,0.006680655630309486,0.014188769339396412,-0.002042395838743667,0.014273411261169825,0.0,0.0,0.0,0.0
200610,-0.01890843246289518,-0.014861052449509578,-0.006972892159389254,-0.010907484303485423,-0.007312620121789845,-0.008511712635408817,-0.0054543261005616725,-0.008862380586556844,2.189934020372828e-05,-0.008638430702577781,-0.0024213487415276846,-0.013979901550745423,-0.053447813523210375,0.0,-0.02280701792177031,-0.002461319365929082
200611,0.0111535692791263,0.014887416764048016,0.011936268291830173,0.007604315014154126,0.017940064950313146,0.010860742201205515,0.011792116418431054,0.006105642849455117,0.009743764015057726,0.011091163732189614,0.012261462087635793,0.018416248446567016,-0.09074023865417125,-0.09074023865417125,-0.09074023865417125,0.03892950759317715
200612,0.023352352515979575,0.003320199309735469,0.021784634649138306,-0.005428406153395904,0.012033533104641846,0.02644902055913351,-0.010110812791114525,-0.006439623422885224,0.025723162907894764,0.01830642318211393,-0.007206805243693915,-0.010614992045345417,0.0,0.03865990570140321,0.0,-0.06941441654480562
200701,0.014684269857984135,0.011644002245164285,0.017016261960524044,0.01938372293926622,0.00569258256693995,0.02092689427714118,0.004776927855747196,0.009100452628444255,0.005480582751263717,0.00017286119677269976,0.010036072692178747,-0.0015330327186385622,0.0,0.0,0.0,0.024252907339271768
200702,-0.037135325460732484,-0.04475965450773192,-0.036271791310134235,-0.03229861404816324,-0.025211861369572843,-0.028587220491168533,-0.02864158349402398,-0.029276407106300806,-0.012378031181430427,-0.017591369637138043,-0.01320645346853746,-0.01687192127231367,0.0,0.019821709055728776,0.0,-0.004879218661115292
200703,-0.011468879712215812,0.007356006441629557,-0.010095392630693855,0.02377910455120761,0.015860369509033443,0.011984945434088585,0.027091005530655327,0.028895424882642864,0.014218126631570642,0.01508001424304344,0.02848955682081629,0.015555208992551611,0.0,0.0,0.0,0.0
200704,0.0018874118327797964,0.03686930260806923,0.010783716735063396,0.037392025803345684,0.005649696074408028,0.010006634711394737,0.031092068001483283,0.03629937339865153,0.006212313293373192,0.014304724910524258,0.02870060708168392,0.02352957784952757,0.0,0.0,-0.00668757651005536,0.011566502562186831
200705,-0.05624956194028243,-0.032354841591463644,-0.04585295652738578,-0.023351376578043,-0.041071859735331444,-0.042940965832644756,-0.02168293452849736,-0.027976284376659354,-0.027757451973866785,-0.02059101620743477,-0.03299593111212635,-0.02055196516088461,0.0,0.012147017733242338,0.05711394306710334,0.03891999350660645
200706,-0.05178073277281685,-0.05998835898691589,-0.05655289350521429,-0.046651629217494585,-0.04509112474425533,-0.05229763658768297,-0.044186628706556666,-0.07471892127729525,-0.008950613287098065,-0.015541869768814089,0.008205534119805626,-0.025274796250351197,0.0,0.0,0.0,-0.05934541001526061
200707,-0.0027195039561392536,-0.0001653527863355484,-0.00511198773101802,-0.0016635862894856563,-0.010985421077378016,-0.014272322286430805,0.0006124258747039883,0.004917900067018885,-0.0015615906972873332,-0.01732152920064895,0.0027771097617233565,-0.0032024708519161815,0.07377990847085114,0.0,0.0882396896288608,0.00861906900767584
200708,-0.009015254858719207,0.02519297880950696,-0.010098378262779293,0.028278142898352808,0.020171535895633252,0.0018739369499084328,0.02055633899811227,0.03446162123449082,0.0056769425620871805,-0.004910620969527214,0.01412052190714963,0.02640209003872338,0.0,0.05876164898803804,0.0876562053881621,-0.02579312583988274
200709,-0.06902047222160941,-0.03224759104745304,-0.049276002914043,-0.021507384311604687,-0.039064076115088615,-0.0414060461543231,-0.020167905412289876,-0.02639684207639591,-0.03646090112789444,-0.03574509344203223,-0.015200723576408741,-0.024882793544968407,0.0,0.0,-0.10454561292311892,0.0
200710,-0.017575458258048047,0.0004582806971171645,0.003550295432296029,0.008231158750921917,-0.007215826271048366,0.003392122517771906,0.003226783546828871,0.0044822870956815475,-0.000572743687736718,0.001406481650345261,0.01956018616201081,-0.0018815761344710782,0.0,0.011543516016950181,-0.0059173411096517525,-0.05043296878372931
200711,-0.022449776665973146,0.00830761998128728,-0.013414432574288858,0.0008446807043902701,-0.020685606280876484,-0.006750332619488642,-0.007015775345153141,-0.009897605070054822,-0.020930528908245576,-0.020823899211766635,0.0004793326674360503,-0.0284255983323631,0.0,0.0,0.05853632546067711,0.03701837708735728
200712,0.08689855547981806,0.04754834947751847,0.07486345282111413,0.03872661684809821,0.10002569446262709,0.08221032215101981,0.04828079260865482,0.047453250264953235,0.05355457835903163,0.06691373331053621,0.06116112064101738,0.049401959266614025,0.0,0.13004668116217755,0.029012016594836876,0.08077965664123057
200801,0.07424912044453544,0.06650890602486098,0.074865015287023,0.07010367966816357,0.07014068581781975,0.06954695454724859,0.054675398762930164,0.07369658476419064,0.04752084085624019,0.05534174464498404,0.05539465817485647,0.07003568959393781,0.009082370603906043,0.0076483653038349475,-0.005805595515662218,0.027019250025068494
200802,0.0009144065494320894,0.0030680240559754534,0.009555085143652803,0.01352046246904479,-0.0026535810830639727,0.0008896481859259015,0.018797566664362046,0.010850756646468033,0.007172636785420461,0.01209428496081564,0.025923076883812388,0.02035868866975493,0.0,0.0,0.03545381755948096,0.010349611996380403
200803,0.009076183446593777,0.021784771038556874,0.014406536504168146,0.01696157738563596,-0.003070038292874021,0.0046554651154596055,0.013492857184560737,0.014473062494208962,0.012572441171851363,0.02680152990664795,0.012327571934671256,0.021791099328720358,0.1773586189082934,0.0,0.09774980918392004,0.020958471205198004
200804,0.007187273961695396,0.035610984145653515,0.024101676888743807,0.03163826409404307,0.02253040756514547,0.013969209510313907,0.029675064236138332,0.03283735369602577,0.012926006326946484,0.019876866315030016,0.026516196898534985,0.013812628127959206,-0.05932933710231758,0.014595623591360907,0.11753602100773305,0.0037418105048661124
200805,-0.08765755169602381,-0.07460809169189359,-0.07089403102275091,-0.04732116519093738,-0.04754467214774263,-0.05037817648738208,-0.032460157696676366,-0.04713065628604526,-0.0668403414430928,-0.0399634458032719,-0.018532086375898572,-0.01049273426400571,0.0,-0.11084324431874104,-0.13888933185647168,0.04790698358126974
200806,0.13430531872183096,0.003924437223437368,0.08653281897315587,0.0021972337078521274,0.05025620990648171,0.05148863925622614,0.016068744947147166,0.008034167078766332,0.03807443219900821,0.03428966614583746,0.011960304303091978,0.00720822296620602,0.11722179353121975,0.02183632168495775,0.001963360332251904,0.052318434253419754
200807,0.012574319121521358,0.0512107447231447,0.010848578778539359,0.042627506111432116,-0.003410027552165443,0.0014378202660664165,0.030623012234750363,0.0453624632002388,-0.015217649940703196,-0.010447262171148955,0.029593393880302146,0.03485114426951622,-0.028184353168852594,0.0,0.02207005851449072,0.0
200808,-0.05480131090239338,-0.018317326823398313,-0.05108349629683708,-0.011685119703384421,-0.027971713424740273,-0.056966636334870084,0.020211714194200873,0.02416007026117406,0.0002486554812580269,-0.018300403045977,0.009126951630949759,0.010665689483469812,0.0,0.0,0.20768810727698017,-0.029431297797606858
200809,-0.06727365668080942,0.0843142501842243,-0.06545987288463331,0.09960015656938176,-0.029606773774092297,-0.06692898727423316,0.09510293494447938,0.10621649528464149,0.014377744247792496,0.0012225038251048614,0.09431737790662975,0.08738694388519244,-0.06503470488457408,-0.044887257580695394,0.02662775223578842,0.037398894994341264
200810,-0.05964977212787643,0.055158370335714295,-0.053812735681525996,0.045544813756779774,-0.0495652257134263,-0.05872329484036905,0.05728005140985618,0.03710449646763504,-0.024682356300632168,-0.03641444256236132,0.0517494902290468,0.06922449674609628,0.018227457901467403,0.0,-0.016389748561653407,0.0522268584458741
200811,0.07770702539631028,-0.008156586818842968,0.09801200813988747,-0.0062620905242550765,0.09467794020542372,0.07726798182933148,0.006375853915501639,-0.011251887864402092,0.0826815886867633,0.08864769946832306,0.021959417551901957,0.001554413888605177,0.301565308607217,0.03295497711506279,0.19230329624248887,0.12390293773495545
200812,-0.011320080223160788,0.0029443934873279766,-0.01914088531289258,-0.02169937082599198,-0.018609891965190764,-0.024062552464776527,-0.009481347727159986,-0.031499687208323704,-0.033285119871615705,-0.013259670328043389,0.016603541702192057,0.0033805568732797366,0.27594430897323674,0.1274751716881673,0.03831582248257925,0.09166009109131396
200901,-0.10225358114568116,-0.03801635107061848,-0.09710902784743232,-0.0501542212842419,-0.10947551405163751,-0.11626121864394265,-0.04350832469178427,-0.029867200332367515,-0.0819186706523058,-0.10989619820861202,-0.03357455438411447,-0.037297664780077476,-0.15081661224035048,-0.15081661224035048,-0.028929752636688327,-0.15081661224035048
200902,-0.027319371892049377,-0.11638066623713099,-0.020631737261893955,-0.08841512973355913,-0.00012074404938773923,-0.015594587478728487,-0.0673496144089896,-0.07779551381704973,0.0015885244935278395,0.0023859394624103566,-0.043990710278177324,0.0,-0.09852201469026256,0.0,-0.0759275376303947,-0.18624119801462236
200903,0.05632862826022687,0.3091147490959055,0.11849651535496711,0.3114970007770004,0.11744686057046905,0.09883098235497537,0.29474371405954447,0.2916948972966822,0.13714105881444974,0.10944401888571084,0.23522023783748447,0.0,0.281152557898399,0.12444425763254033,0.25829144161619727,0.09529513405282661
200904,0.029517744331616316,-0.023826878879764087,0.014374986129953736,0.010802993330497815,0.0330163130424668,0.017804878876242564,0.025352196660753012,0.01847491077190982,0.00789696874241344,0.04961431790560572,0.015474313694528338,0.0,-0.16895875717757325,-0.24891977134098847,-0.16533256708647298,-0.04905391236679226
200905,0.07525790820571511,0.040215696873482976,0.06292769919887682,0.0433850925303745,0.04613515048039281,0.06178447490522581,0.009526304560155647,0.03537494536440342,0.03170252650881036,0.024285868477513062,0.008193382978121609,0.0,0.0918209539000564,-0.08042457175259388,-0.0023009219336918366,0.1079606874217876
200906,0.05731474437549299,0.044076210768076884,0.015643584314200466,0.02996793763109845,0.019971810408913986,0.021208896718205215,0.016070036356252725,0.02953531066570552,0.01568443616357096,0.010853688687613867,-0.0018243122857714168,0.0,-0.11221109877831159,0.0,-0.061224579285043323,-0.07679905474016135
200907,0.03928491547663018,0.14526217068572397,0.054481725440800516,0.14204554299046637,0.07318258730722277,0.04773322354803718,0.1283993366221947,0.13204643934993907,0.06914850643854938,0.06356484447865168,0.08628580269751408,0.0,-0.032532251636142595,0.3510559196874008,-0.06213061603729919,0.08487011184545333
200908,0.004565806390964232,-0.004126432701033239,0.007808922930184944,-0.012419167234176721,0.005116024800010684,0.02402234325362348,-0.0016553169418303763,-0.004944163482859507,-0.0009693753167304845,-0.0034920084402750855,-0.015436911462849041,0.0,0.0,-0.0019094356650787847,-0.04158175043083652,0.013518814270173318
200909,0.03391399754652099,0.023303102064848466,0.030894260443556126,0.04487748415082069,0.03536227196994439,0.03365734063423737,0.03264952720920099,0.04714066758384613,0.03472928617131642,0.02947194940323153,0.02727803150863733,0.0,0.05633739622565703,0.03405621212288851,-0.03812902249582739,0.09665231486851877
200910,0.0009484517992609182,0.05151415304169588,0.014110952180014048,0.07533315506768495,0.0028528222301068135,0.004264829504156836,0.06851149491101174,0.074562237593605,-0.004538063888054099,-0.007025876316463387,0.06233832831976971,0.0,0.0663706074466226,0.0,0.04352045758311096,0.024964364059290922
200911,0.03251014198377511,0.009093641091764934,0.03168152179922681,0.011892467784878463,0.030513664672085335,0.029506478168138856,0.017137860099364348,0.007263963410413604,0.01570464555451116,0.01416033245835286,-0.0030365453162203952,0.0,0.08598920233587037,0.0,0.0,-0.006576294956315804
200912,0.09326195856413748,0.04848357486576416,0.06564207791611701,0.03872667134946454,0.0545428736893921,0.06421344697967085,0.030422043894796986,0.04044921715029333,0.0438710872114096,0.04420105264783566,0.022308654626044512,0.0,0.015769384452699597,0.03572041858425212,0.03857884905043446,-0.0006096905650035539
201001,-0.003299339537012437,-0.006760985521836742,0.001453390767036066,0.013155262560283359,1.0808303174034443e-05,-0.0003138007940558219,0.0017526095879161754,0.007156992812267021,-0.005747628870254228,0.013289883509946207,0.0008185062485381383,0.0,0.0,0.0,0.0,0.10789482308756271
201002,0.010435267022430528,0.056307490024931295,0.019899657383916827,0.05293520578126362,0.027887424186598342,0.020011455667328787,0.05321580178387201,0.05072337521447554,0.027847026628947686,0.021299072244480303,0.03892722799402461,0.0,0.06617916965295456,0.0,-0.10470733990348513,0.10949418768307007
201003,-0.04886890509034683,0.018816217749990236,-0.04854435994036317,0.0036176807851293034,-0.04592896189336197,-0.05224086787377191,0.0027081331900383294,0.0063175190504742495,-0.01719617799116885,-0.04320487188766772,0.003799955480722199,0.0,0.0,0.0,0.0,0.0
201004,-0.005116390246257021,-0.018143245029914986,-0.003278030770001439,-0.03169448877866703,-0.0016875550475295674,-0.006247543210030197,-0.02451339875800811,-0.0231684498115403,0.007497436897308021,-0.009578960116909611,-0.006059211971131705,0.0,0.0,0.012976816693823945,0.0,0.0032978842066630418
201005,-0.01069800626839102,0.022773290528251396,-0.01636045689559006,0.01616606954395613,0.0026371118025321225,-0.011010790850017793,0.02287444082996376,0.01306627053145622,0.007439467647784893,0.00277809840382396,0.017767705782197808,0.0,0.0,0.0,0.0,-0.029196111819662085
201006,0.05788031095126292,-0.017145969632440194,0.04618555063485505,-0.015350527360981041,0.03233810273130345,0.03564787162722431,-8.741251553648008e-05,-0.002573245235465442,0.03499026352458486,0.02800982296733185,0.0008809916209782425,0.0,0.0,0.0,0.0,0.0
201007,0.0037272015821389714,-0.008973604840608267,-0.005401609852635389,-0.00023808980866125247,-0.0014973470415557272,-0.008415311052356487,0.014769516375609996,0.0065357324481829845,0.01721034186962872,0.004364548861914315,0.004651983780577457,0.0,0.0,0.0,0.04008487408438777,0.02048975143443027
201008,0.04714526123180703,0.01580238590369434,0.025604713241321915,0.002703843175105086,0.011412274670618755,0.023208874845279465,-0.0024987661070955992,-0.012609462366892577,0.022957788596408044,0.014082138166450129,0.005676824877680488,0.0,0.0,0.0,0.0,0.0
201009,-0.006489237712278739,0.047165515382170176,-0.004603045712647261,0.050014220383672446,0.002731406539273372,0.0014932778206952096,0.053949084145965644,0.05382536567935281,0.006864469249106651,0.0020427286686724717,0.03088452891403684,0.0,0.0,-0.019746914004222793,0.0,-0.01635020723647085
201010,-0.00697824311887754,0.020606288359615563,-0.0028350939513194008,0.01233240779278044,0.005261619890245018,-0.0012429702518708821,0.013484837305183286,0.01863910406788928,-0.010295858332776206,0.0024435129884066357,0.015104750869609619,0.0,-0.08981166789393746,0.0,-0.0436683011725566,-0.07695840518592062
201011,0.03247162660439427,0.01708238712884013,0.030955167679972185,0.030497462337851902,0.036772015521771256,0.03248250003083511,0.04022134842329463,0.031917578193024994,0.01963903115371495,0.0306961044670342,0.02307517188190285,0.0,0.0,-0.027349810814482067,0.1194971314613098,0.03856121914604352
201012,0.015970827497464795,0.026510122768881993,0.017533999661573037,0.03125670658365922,0.011565299915644896,0.02528343721960686,0.026788685149858524,0.025330424595974007,0.022327719301504113,0.010299603654457208,0.030969895374875434,0.0,0.0,0.0,0.0,0.06504182322851793
201101,-0.0051191550482294,8.949400654995141e-05,-0.019538410685254533,-0.00776362045276892,0.003661686869978159,0.003500863277793452,-0.0029803638033529473,-0.0037660237998545826,-0.0023668528011110282,-0.010214782825213698,0.005732286607514049,0.0,0.0,0.0,0.0,0.01306086092840597
201102,0.013561468844623847,-0.0013430920880332447,0.006590079116407029,0.007375645523013513,0.007383968968146521,0.006993303669641972,0.0009461528320918178,0.004581690730598532,-0.006090629446317943,0.001216900266064484,-0.010424887487273157,0.0,0.0,0.0,0.0,-0.017612724655982737
201103,-0.01072828720548277,0.00240798722619932,-0.014392598088980761,0.0029818012791766307,-0.02120897697440505,-0.008878471797874946,-0.0016102313325092555,0.007828723020280107,0.005289477597498432,0.002149113835914147,0.008141623406400275,0.0,0.0,0.0,0.0,0.0
201104,-0.03300663999709852,-0.018666736603866228,-0.03170286382095867,-0.02244997377163428,-0.01717289880791895,-0.03132059329719108,0.003234337636536443,-0.011190180272280161,-0.00935117395138591,-0.007368118327518633,0.00553372720433175,0.0,0.0,0.0,0.0,0.031873900802472765
201105,0.010997609291335069,0.01983853973795328,0.004777068213029969,0.02529549730868208,0.0008141470363380921,-0.0036294373092415335,0.01148814809191513,0.01576345018364684,-0.001967653447756831,-0.0026243862193060874,0.008569418310801071,0.0,0.0,0.0,0.0,0.0
201106,-0.01842614303016919,0.03060455748705963,-0.014765552742033481,0.014502906605934406,-0.021791412917036613,-0.01704460835696778,-0.004340027051026142,0.006051223749602797,-0.02287868174198924,-0.03065574749544437,-0.0025808609323547424,0.0,0.0,0.0,0.0,0.0
201107,-0.009651829054978127,0.014535665114207145,-0.0015574235890888908,0.01683279184988025,-0.005674411142643951,-0.004092362385678342,0.022592082012053066,0.030291066690043,0.0049304779873281315,-0.008413843928507109,-0.0045393222111373924,0.0,0.0,0.0,0.0,0.0
201108,-0.10903611219453786,-0.05187487719890433,-0.08740839973591065,-0.043263316951968105,-0.06981365062709605,-0.07911690526663223,-0.028299511020932235,-0.034721164939174376,-0.04366026950483514,-0.04479431897190908,-0.010389869951632073,0.0,-0.06125003289649644,0.0,-0.007179465573461566,0.1750562212495459
201109,0.1428606647003179,0.005106205772806367,0.10727429577696752,-0.0017950774596300388,0.09112692291225881,0.08995450203581226,-0.009144031365085995,0.008205052252007865,0.057498296588470485,0.07610019979751467,-0.002617792894453243,0.0,0.09519317736473176,0.0,0.11601326941121304,0.08561287597760403
201110,-0.013214356044073835,-0.0424122169410266,-0.024996309484797117,-0.042392381012379125,-0.021990014665339747,-0.03270217371642864,-0.04120600367691167,-0.040335884397990636,-0.020146055618683528,-0.012741474473826425,-0.015367609577832082,0.0,0.0,0.0,0.017944022446523045,-0.2048716534250652
201111,0.011548874570865751,0.026066747105902528,-0.00016865832920537728,0.03639933680847668,0.013655643517637059,0.01291365755473149,0.02593029765190808,0.027307630595429008,0.006268930332052565,-0.013255748928520368,0.008872585104381717,0.0,-0.043679740796607636,7.129093611657478e-05,0.04392521610555278,0.022228466679575454
201112,0.0813787079353099,-0.008863998606986027,0.06396603283590022,0.025029905767659608,0.046268715173641964,0.07749605733211516,0.003973996615580166,-0.000538461972455234,0.034855287967934134,0.04029538386996493,-0.012717176355544306,0.0,0.0,0.0,0.0,-0.22250438873494005
201201,-0.022232544318468238,-0.02122835352423809,-0.012385347318634544,-0.004936420665957671,0.010303105941956584,-0.005402659004560124,-0.011005920368404018,-0.004643236728433857,-0.003107460948570448,0.012563927863210317,-0.01447671005984457,0.0,-0.0435634244527181,-0.05546253335237128,-0.07433567943465846,0.02068263366991796
201202,0.0015010848941990592,0.010941486756861355,-0.0005978194550413192,0.017701770082758535,0.0050825228768914274,0.0019045776915969782,0.0011606032155504886,0.004195182327472546,-0.0033253210549168666,-0.00450765100938804,0.007829207382269127,0.0,0.0,1.4213937582496783e-08,0.0,1.4213937582496783e-08
201203,0.0028476797557922696,0.007080753899265903,-0.0025101445767356616,0.002216079535912835,0.007621415305062253,0.014333069577333575,0.010268027161382713,0.006177657701417533,0.004304315737127982,0.012282766966190467,-0.014903577909221588,0.0,0.0,8.424932307349309e-09,0.0,8.424932307349309e-09
201204,-0.05239596400786636,-0.012011104629232317,-0.042570616272043865,-0.007786452378689396,-0.03791385594619237,-0.04272484441082863,-0.006611279090844178,-0.013430604679153406,-0.011000358680757737,-0.029023849410774794,0.005451901164211081,0.0,0.0,-5.229488175828578e-09,0.006315472507971376,0.0031577336392416
201205,0.022383202204008336,0.009542062354030429,0.017301078982103833,0.021452840389130135,0.03634168581479155,0.031342972568598554,0.014690969155596456,0.012859532935789975,0.023493820111711076,0.025463879193319088,0.012171604779361054,0.0,0.0,-4.1763269509331735e-09,0.0,-4.1763269509331735e-09
201206,0.029934667184463384,0.03171124357826172,0.031061107441567166,0.022358137752069747,0.03637035384963703,0.036588212656189445,0.0299042717344615,0.03201185977838691,0.03524975627015311,0.022720013700792654,0.03223800043796769,0.0,0.0,-2.8993165201995907e-08,0.03767722261018347,0.018838596808509134
201207,0.027114074590591758,0.03480232457398426,0.016169622392936733,0.021920401060460146,0.008623836895115415,0.007798963796771551,0.014312517450476457,0.01748127891511242,0.00462944329869688,-0.0037064462936975597,-0.001008212287766877,0.0,0.0,0.008874208123177019,0.0,0.01571976806393305
201208,-0.012005038114574887,-0.01417170366873879,-0.019496415948966662,-0.006639004981852402,-0.019954293032421168,-0.021260904784084416,-0.008568977201265772,-0.008114900322976003,-0.005768194091718351,-0.015844596099925203,-0.013697163115775506,0.0,0.0,9.111493115554481e-09,0.0,0.0075032892644323335
201209,0.003527719781788821,0.06836674374790579,0.017014144196191922,0.06425546441108647,0.012338032068575514,0.003280114211956316,0.05734526422064525,0.05665706543901911,0.037665979030971186,0.028663923375001035,0.02847209996095835,0.0,0.0,-2.1873298505781236e-08,0.0,-2.1873298505781236e-08
201210,0.019932331759666737,-0.001277493124088176,0.017851394447220063,-0.001865221060912724,0.02374761687441937,0.02243896043145787,-0.007636378883659667,-0.001561744748537846,0.006915231643176838,0.011092186247960819,0.005174043824741527,0.0,0.0,5.420779514153651e-08,0.060364183476492084,5.420779514153651e-08
201211,0.01369455345678408,-0.006184906663828361,0.028656259272274304,0.007995095969277484,0.024953576469564368,0.03447578662858716,0.008418466104116694,0.0011520516246068164,0.015402929367049165,0.024234352938782983,0.008316387672560781,0.0,0.0,2.3448752273225182e-08,0.0,-0.007967801699640509
201212,-0.014732982613975633,0.03193548351276171,-0.011408658510519804,0.0325738481093897,-0.025453039963392047,-0.016607460977331588,0.026537647084660502,0.027022019075332606,-0.010341759305169123,-0.005657320883539726,0.025977234680749844,0.0,0.0,-6.569283073076804e-08,0.0,-6.569283073076804e-08
201301,-0.009878790695378963,0.020725568050546636,-0.006744039183605021,0.020402822394801096,-0.008306875449693323,-0.005900406306034031,0.015600701268602283,0.016552925093905012,-0.0023346915397403013,-0.004530699611804811,0.030490685251443043,0.0,0.0,-3.593267838830627e-08,-0.038215518824011085,0.04568557482226909
201302,-0.04862399016975073,-0.030770496032858852,-0.05183077027343378,-0.02226973573406704,-0.03547603949420211,-0.03654341797713974,-0.017652056830197826,-0.021209069151802262,-0.01266880598001921,-0.01574710938811028,-0.00619763148731,0.0,0.0,8.682864227615994e-08,0.0,8.682864227615994e-08
201303,-0.006429529448163452,0.0020110758210858523,-0.006460233162415736,-0.0045027288965331785,0.009208532894418761,-0.002583824077247017,0.005783208580281196,0.00101741756031918,0.01074219200960047,0.019210326418039516,0.0024566855006004362,0.0,0.0,-4.23537720450895e-08,0.0,-4.23537720450895e-08
201304,0.06426279537785426,0.08702577293484688,0.046865675041952506,0.05421659783768664,0.03443020163193047,0.03542969227788359,0.041055325300949616,0.04308056673892966,0.01580659923567023,0.018995786888659,0.017879819340024364,0.0,0.0,-3.601587761359326e-08,0.0,-3.601587761359326e-08
201305,-0.0025487109633303803,0.004037508102757458,0.0005869208085069228,-0.01518923049865145,-0.004233541248943576,-0.007168491188108038,-0.009795249625276716,-0.017778275593864717,0.0008005174203730208,0.005014044250922981,-0.010432842801972134,0.0,0.0,-8.546108265505836e-09,0.03533135135294896,0.017665671403420347
201306,0.01585059824238043,0.01996087282997788,0.017980545354797938,0.014094273824321834,0.02128211066743604,0.02422975141160195,0.0226811340602018,0.007999182057203073,0.029732708690053938,0.03295640295981061,0.021890280267126902,0.0,0.0,4.079123039346655e-09,0.10071050415730598,0.05035525411821451
201307,0.005710436236522281,-0.015707914922491677,0.006021176849564425,-0.01361946873063178,0.0022698530802801754,-0.0037519328481820224,-0.005048940671512492,-0.008624713207135365,0.009084530637092407,0.009325788483899165,-0.008190893818703464,0.0,0.0,5.24852625805039e-08,0.03331587763474825,0.018390021626682185
201308,-0.03389930297676027,-0.018751847213314007,-0.022635983818139572,-0.00778458473915311,-0.012951148255819542,-0.023942399982135043,-0.003932101346215184,-0.020046110075131376,0.01233831458636782,-0.0009357722671142995,0.013817282518894695,0.0,0.0,-1.344343634190892e-07,0.0,-0.007724826082930902
201309,0.007896620195306582,0.011946390472428785,0.009279068652786975,0.006170584025345381,-0.002999387568826152,0.0033289596922447236,0.0025093866739941033,-0.001129423120597806,-0.010499473056673442,-0.009862005113754707,0.003389994371042076,0.0,7.730926143700856e-08,7.730926143700856e-08,7.730926143700856e-08,7.730926143700856e-08
201310,-0.004693871560523197,0.010353070842814211,-0.004876054248860993,0.006625548084066714,-0.00441149066198531,-0.0012368617065277492,0.01330260986318602,0.020172660319921206,0.009010977762590732,0.014251814943152152,-0.0007084593418462031,0.0,0.0,-3.9598795575912504e-08,0.023300599699040414,0.042614914482120125
201311,-0.013703525370652536,-0.008241735776566422,-0.013407760921954143,-0.002622170085878485,-0.0005540439680460471,-0.007724103633560684,-0.003430032139230075,-0.009352684128864332,0.004297631725603413,-0.009246482498591786,-0.0031303450032630475,0.0,0.0,-4.01482271872311e-08,0.0,0.008940462833694651
201312,-0.005421253386853234,-0.012551694138741803,-0.014855431900340709,-0.02260403476611753,-0.006801200321913272,0.002742917367715881,-0.03182607691006074,-0.020332314015403377,-0.02839383536919815,-0.02257906668429559,-0.018135383889073507,0.0,0.0,-6.851426759268975e-09,0.0,-6.851426759268975e-09
201401,0.00894028386091801,0.010262429131063865,0.014450275316880132,-9.128332668846377e-05,0.01308447215359156,0.011360857848476312,-0.0018920041791732622,0.0030620224860474048,0.009674995244948102,0.009224974969485104,-0.00814943596511749,0.0,0.0,-3.5810778786782294e-08,0.0,0.0013367481478651078
201402,0.011893199453855464,0.00821674773159712,0.013030927056921106,0.009679448917746619,0.012538770385934603,0.020268065738887304,0.0065467319440791465,0.008902678703120705,0.0020465509896215603,-0.002615149641607897,0.0005623152353668249,0.0,0.0,-0.00044749167552404767,0.012786135010953936,0.010768495101119047
201403,-0.028416359030315766,0.02167880786625443,-0.01609148565490151,0.027649023277739517,-0.003107541908757901,-0.006154405133106394,0.029308966413657586,0.03312735368307835,-0.004076438388839492,-0.013617036616000236,0.021935405681992214,0.0,0.013307422203402197,0.024516884750286017,0.013307422203402197,0.029737853598420003
201404,0.019345206038767482,0.025314782890254958,0.008146033761357767,0.012685595593207862,0.00395912738681961,0.005797340184352741,0.010809762667136095,0.008632620329658072,0.005822686121963698,0.006997816441923201,0.009144784108243233,0.0,-0.005648652773182938,-0.005648652773182938,-0.005648652773182938,-0.005648652773182938
201405,-0.003947567933160493,-0.008743648242171616,-0.010114093281879784,-0.01270281620897917,-0.007203351420232607,-0.010357328246994738,-0.017134908199884415,-0.012110604371854922,-0.011290239293947065,-0.011001944498000073,-0.0030314614492346725,0.0,0.004711399684933282,0.004711399684933282,0.004711399684933282,0.004711399684933282
201406,0.03770729365174104,0.018910866709336564,0.030838798654038352,-0.0025112972341581213,0.025784629754524273,0.02452263063072176,-0.010294193718395732,0.0006224115616203536,0.01624992801829185,0.02383655361405135,-0.003545344400493371,0.0,-0.0023600687817434407,-0.0023600687817434407,-0.0023600687817434407,-0.0023600687817434407
201407,0.013500184833110766,0.01881446085669867,0.023936254126842037,0.02786381842330483,0.01736400343221385,0.021699521280625335,0.026957261362895352,0.028412824836631736,0.014535345587869637,0.025350414111542523,0.034364908416738164,0.0,0.004848558728366648,0.004848558728366648,0.004848558728366648,0.010955398972608
201408,-0.007887143358988043,-5.427972615733084e-05,-0.007202765841288003,0.002546089484018074,0.0021052386778643403,0.006697656855013742,0.002579534008223528,0.0012254990597000523,-0.00019513303850775916,-0.003094772452333381,-0.006137917615504022,0.0,-0.00031174576092385387,-0.00031174576092385387,-0.00031174576092385387,-0.00031174576092385387
201409,0.0014056203330358981,-0.025195139317188784,0.02105768826328272,-0.013096491233385247,0.006428508466965679,0.015118563426619483,-0.014552424267621253,-0.0007581254254586428,0.008819924659369264,0.006574209514536146,-0.009940171793682244,0.0,0.0032463043765644795,-0.0032463043765644795,0.0032463043765644795,-0.0032463043765644795
201410,-0.03066852431808252,-0.013073823458742053,-0.03698641382481209,-0.011235675689799145,-0.028170689246893026,-0.025210497723049976,-0.0012284532665304384,-0.008775320884559843,-0.012833258061026066,-0.012815097609690693,0.004941693424729194,0.0,-0.0022342801629090525,-0.0022342801629090525,-0.007004359844747954,-0.0022342801629090525
201411,-0.009588742733882147,-0.005309196348744346,0.0007811703574545183,-0.012393769576417251,0.007438494528882633,0.00884122814554261,0.0038450249136022722,-0.0017239349586731776,-0.010974966470529467,-0.0024613502779755525,-0.011315075604601715,0.0,-0.005069419624184723,-0.005069419624184723,-0.0347923464556702,-0.010926478953952823
201412,-0.025263062129697346,-0.06728431817567146,-0.014918615226991653,-0.05821674642810883,-0.022272939615606092,-0.019236186699130794,-0.056002034368971165,-0.06539694635213603,-0.016010392819157098,-0.027296064543626826,-0.0509026900152863,0.0,-0.002441707869177634,-0.002441707869177634,-0.002441707869177634,-0.002441707869177634
201501,0.06199480192266227,0.04780542242149393,0.03352767834056426,0.018481881241191198,0.02866129614435131,0.03165297978508081,0.01254100613810162,0.017128480939068574,0.031144574896142523,0.013525425941998603,0.03167988316803713,0.0,0.001980508542876125,0.001980508542876125,-0.004858757794017565,-0.004858757794017565
201502,0.007053563531552267,0.002750787153039028,0.015724293886826987,-0.002572092757142893,-0.0018486611368844067,0.004908658063268056,0.0001728971003456737,0.0014533052385352382,0.009753834636185392,0.0038313926760662562,0.002461592017878043,-0.0024879510778977572,0.0,0.0,0.0,0.00719009673896398
201503,0.06647518274540692,0.041358138069873054,0.06324417844299811,0.03829063128628266,0.055196684691689646,0.058765010081307516,0.02295936788783118,0.029748852304303203,0.028812272154002096,0.032742523155104175,0.030369258783355446,0.026579813015363857,-0.006069954071139083,0.0,-0.006069954071139083,0.00045184026300826297
201504,0.023451767793385515,0.02870938440021542,0.01949863331250668,0.013939023660915675,0.005843481615843996,0.01856758641497523,0.008002316905147142,0.0064230583171073,-0.006241742205177231,0.0034986893843263903,-0.004020535639516197,-0.0008966566927026935,-0.0034464388237520627,-0.0034464388237520627,-0.0034464388237520627,-0.0034464388237520627
201505,-0.03313158982771711,-0.028721338245108804,-0.02613939391879739,-0.02752396957327669,-0.02408339724406553,-0.022438903073905704,-0.019606112033387333,-0.027717517294692087,-0.01411578338901762,-0.03040498927119122,-0.016855456901667114,-0.02117074652828429,0.0,0.0,0.0,-0.016196270537789825
201506,0.019289256796371234,0.040015960851197165,-0.017575502522226314,9.935739527289694e-05,-0.012753993629597773,-0.01984466574070868,-0.006361339475711967,0.0015300032066974678,-0.015728202042710623,-0.001079231776374771,0.01024592292610677,0.0022086947039724946,-0.015584974341934732,-0.015584974341934732,-0.015584974341934732,-0.015584974341934732
201507,-0.028678297865472657,-0.02641620571296378,-0.021704266366644714,-0.011324234558719259,-0.023354208794367514,-0.023309371260593376,-0.007872415526289454,-0.013791599773208683,-0.01324818003309463,-0.017892731152157084,-0.026387313842848467,-0.01636541357049893,0.0029579500838873285,0.0029579500838873285,0.0029579500838873285,0.007056552330310661
201508,-0.007886575992826701,0.024366100700411484,-0.029879788655487242,-0.00696539218635692,-0.026090944067296406,-0.024838676212310794,-0.0010503352950228134,-0.0053987316587509136,-0.026036568268920302,-0.009211281619382394,0.013186327909905428,0.016099866981280284,0.0,0.0,-0.0038619804842808803,-0.011881691427348514
201509,0.07363109761971061,0.023111654426674504,0.0237828977560863,-0.009588587946442368,0.0067307635037508395,0.020118358216402264,-0.00553242192963887,-0.0038703073990267282,0.01343324515353605,0.003922403951424889,-0.018339774510699427,-0.020139331934211063,0.0,0.0,0.0,0.02470304708960469
201510,0.00013215441276237636,-0.012867396368422638,0.002879420379208893,-0.008816039486419368,0.004203815036952,0.0058594097534823,-0.006556457562891543,-0.003559666448141252,-0.00897695968790693,0.004164538433490232,-0.010514215229482421,-0.013122996775467972,-0.010196380732551358,-0.010196380732551358,-0.010196380732551358,0.006222507554302259
201511,0.0003737503925127601,-0.04535855263687065,-0.0036389427249645147,-0.02564422289098605,-0.004104136865986723,-0.0038008118968557384,-0.04006568945926052,-0.027420781715936517,-0.022065749836753804,-0.013374979424612935,-0.021899037067642662,-0.016229930357388206,-0.002050121419085338,-0.002050121419085338,0.014906607578872966,0.023109190361420784
201512,-0.051003488595239795,0.03426081782898381,-0.031843771042767074,0.03269864757431154,-0.026874429182554498,-0.028485209238044464,0.009953237574375745,0.025419148087746327,-0.05041708409929116,-0.05584379828675454,0.012817327550218015,-0.002003466708973377,0.0,0.0,0.0,-0.04552266904724189
201601,-0.0014932083023942917,0.06981823169645933,0.022445664185759093,0.05904756424026721,0.019236061428101723,0.02055386296272416,0.06167809999703209,0.06100746772247608,0.007552985295142761,0.02326062681344155,0.0394219295543656,0.051988534393247555,0.01743143195824859,0.0,0.029506054240257235,0.019364330955538134
201602,0.03721439136502928,0.02336425043637298,0.033081582843894945,0.02232900777488925,0.026370952430326416,0.03891811555489066,0.021922802844962563,0.029287210498741084,0.008808374799464176,0.014780031246268017,0.010635016775308932,0.0007637744368405473,0.0,0.0,-0.018363036589837622,-0.0438435631305234
201603,-0.019356845914453098,0.02452122687765558,-0.03461874592110802,-0.0006621573357312701,-0.008841871989887305,-0.014053392096513627,0.012943184921191378,0.01548365975533847,-0.017262715651576208,-0.00448422696751479,0.009384586044584003,-0.0005919231194509674,0.0,0.0,-0.012332663829913437,-0.07182417431061527
201604,-0.008092452147477103,-0.008518570640480972,-0.008896127963687078,-0.019669018494927863,-0.025750822736589234,-0.01601434736882675,-0.018530939322333195,-0.009376459371670955,0.00846176900340151,0.01522605730728497,-0.015386475178433567,-0.004107362649262281,0.0,0.0,-0.0012759549453294633,-0.09352274539066352
201605,-0.005453409598414766,-0.026568055407102078,0.010958241435093765,-0.011414768844009774,0.010760451165682862,0.006309288954957253,-0.013256413907199355,-0.02058378621515894,0.013234292236756349,0.007420931438480652,-0.001283609829519867,-0.008716928733460179,0.0,0.07803265717195285,0.012706636552894557,0.01329531550809301
201606,0.05961080011356661,0.07950424554587102,0.04375565483186497,0.04888777777097133,0.044941551137161896,0.03992823413422029,0.04774049416105378,0.04990761760196186,0.0380897610903025,0.02508573409859522,0.039076266435971584,0.03472500475622374,0.0,0.0,-0.05034086069109878,-0.006846783927250577
201607,-0.012884500959444739,0.0011403873391995691,-0.0033812599991641253,0.0031796083965776123,-0.007191306035205358,-0.008829784176000822,-0.004300194843454232,-0.0017364559031954312,-0.0069354779206935065,-0.0006048186852959231,0.0019258130567865932,-0.005339626172690927,-0.0003803361758756285,-0.0003803361758756285,-0.030831878525625966,-0.031860548179904746
201608,-0.005544328072242068,-0.004021173935095472,-0.006693253383739471,0.00026859213422133045,-0.006017362239429533,-0.013007847356113943,-0.0017830676453318252,0.004020616173042738,-0.009843386636519683,-0.012094213362762247,-0.006391516399497276,0.012197931609966559,0.0,0.0,-0.00882169921747794,0.005251645927130122
201609,0.003971015950092588,-0.02900024820061617,-0.00025116357953706514,-0.04133676223018173,-0.00241274362106137,-0.004085079273776167,-0.03127997853204654,-0.030244979820790996,0.00011109888932258932,-0.001941450689989564,-0.007318042694867227,-0.024855828439639585,0.0020642219049959998,0.0020642219049959998,0.02574869598552404,0.0020642219049959998
201610,-0.03125985393817442,-0.024491098213464037,-0.018087847437056808,0.01552015933705121,-0.0007455711015539901,-0.009932210202538384,0.013131387189116746,0.0018575542586839475,0.0001996094553201412,0.0016699462536864714,-0.007040971321767023,-0.0017609761850721395,0.0,0.0,0.015234795461219808,0.06659506448398711
201611,0.014092483909341851,0.027408850318280394,-0.00481380319194802,0.019795113121313816,0.0034319073391277906,0.0023751104700743863,0.021989407518886697,0.025586302810439804,0.0060294755499530304,0.00413226512531983,0.01917141188324255,0.013757325787959145,0.0031780261686029654,0.0,0.002817583993622509,0.05061959921114334
201612,0.041982744269380916,0.01693220717033772,0.04209497061037706,-0.0039035869488487935,0.04072426691713762,0.035984512470941206,-0.00680880694898632,0.0035889223544194665,0.005965455502349126,0.015797273611824904,-0.01996263084358901,-0.010644230331816322,0.0,0.0,-0.029458602177670823,-0.0002768221631309631
201701,0.012244246133465544,0.05044750939702393,0.008372489816182485,0.027421960294373642,0.019318134792907646,0.01966604778788617,0.03464197618677081,0.04096463245225432,0.015548666208949208,0.013984690553595922,0.040742956124469265,0.04837998424154128,0.0,0.0,0.008174008030102264,-0.0737447095109045
201702,-0.008388447512527441,0.010275754171011876,0.0021664002105787634,0.013152215536771516,-0.002489284114358878,-0.0028654058928463053,0.015224586616468019,0.01659149488512176,0.005771367194835911,-0.0031854136932492946,0.019008345529817575,0.014583232323416781,0.04216609095917245,-0.004316970550004573,0.04491903000047892,0.028960165943071194
201703,-0.026822031193561156,-0.004694775192581885,-0.028897036998615473,-0.0030206788079377525,-0.022800107527299843,-0.022079074363181444,-0.004352658512089737,-0.003538639841859352,-0.013179212899875396,0.002117981362844901,0.008524550677342492,0.012318439310229277,0.0,-0.0016039089560806463,-0.0329833080575855,-0.046649632464216495
201704,-0.06018070594458573,-0.024062156224704055,-0.04919181342814634,-0.0242701933506451,-0.04096188190893432,-0.048473362396504786,-0.02794729663835489,-0.022092829295897357,-0.019319436551936617,-0.013286453812385014,-0.016908453651528113,-0.013346766086009794,0.0,0.0026644180079513635,-0.014813792257066636,0.021059562920939023
201705,0.04733602236580351,0.036768539091982175,0.03798559717274766,0.03510196951904657,0.04433883625515402,0.041253276101106344,0.037293614879513416,0.024984977219670638,0.02329171614362944,0.032786085115882914,0.023985781302146205,0.028554113176770965,0.016932296399629676,0.0,0.03765984367515007,0.0
201706,0.02726490117553934,0.023096027183133513,0.013742756233800432,0.030695296665404197,0.013694854952816646,0.01353105692400827,0.021516836605985544,0.025061866022325564,0.03766092914853605,0.026391644851600532,0.013249884252958418,0.022321196752323327,0.0,0.0,0.04281429460842667,0.026328343812841437
201707,-0.034384557870485,-0.022923726684971016,-0.03341847347616575,-0.019957853327282074,-0.01117908335875187,-0.020678929178802534,-0.01289176821085081,-0.021465145615721666,-0.013957774396285863,-0.01911489422931533,-0.006383615169059165,-0.014806363273834285,0.003920663474680286,0.0008119429313113713,0.006700661978599715,-0.0035510238363944957
201708,0.023137344973641654,-0.010703859545320521,0.0021736095091723757,-0.019477951117711577,0.0026759106923105805,-0.003772326040041375,-0.01425630080569977,-0.020888127510951076,-0.013131045466754854,-0.013844183454601896,-0.02895732518273918,-0.03956871251712945,0.0,0.0,-0.016979168608505735,0.0
201709,0.0015363390609367436,-0.026203762883087515,-0.00013916427872744265,-0.022809740557906983,-0.0016690292981914009,0.0050229904786118044,-0.026934892176132867,-0.03232121599873883,-0.015279399350238424,-0.0247845243572223,-0.021957128967437966,-0.020824340955915774,0.0,0.0,-0.015779207030106157,-0.10083907714340379
201710,0.021660052663183868,0.04305894608910165,0.021350324854033036,0.03202016911350821,0.020831827528625182,0.01532310953536855,0.03932732514469393,0.036739179914927714,-0.0058847281360419465,0.009152924038333368,0.014950991172969334,0.035258929967553435,0.0,0.0,-0.011348046364945241,0.0
201711,-0.01654397910103951,0.00445994619283488,-0.020053123505510972,-0.002929416184594573,-0.016546279929476902,-0.014986322428839604,0.0010353092300731908,-0.0018065915008822027,-0.0074146012915440864,-0.013823952603888912,0.00361871342050641,-0.0027651460856357893,-0.010015629333757214,0.004982062591077918,-0.009643168977773793,0.032325545060577054
201712,-0.022810374878244093,-0.02394345273915125,0.010218713143030467,0.028990921295304315,0.011188397640647878,0.009628307544362013,0.012442669923407373,0.019469611337049386,0.012050268717800705,0.01869238988367864,0.01244565844590786,0.02939175675881904,0.004227804048525519,0.004227804048525519,0.017107741871858817,0.004227804048525519
201801,-0.023182078015820874,-0.023465985254779775,-0.004683175984520333,-0.015597340996963877,-0.007937262046293556,-0.006723491750200563,-0.023845835430962116,-0.013334992774896193,-0.033275383349752385,-0.012032262752317884,-0.023371293321335595,-0.023155709626870705,0.06668002685904706,0.010493411580278389,0.05782586787050459,0.010493411580278389
201802,-0.014220181851588184,0.016369441987958092,-0.019382093331289173,-0.007221802038720631,-0.022463989227813723,-0.025258211132512757,-0.005028951392297654,0.0016840893884967883,-0.023817799335848103,0.0,-0.010667038117888186,0.0,0.005531643601041303,0.005531643601041303,-0.011881739599292358,-0.011607421160996667
201803,-0.012997773530152688,-0.013018628064482434,-0.020303443366126234,-0.012020265136176737,-0.0007458426203053402,-0.002995243174745264,-0.0042987347177106585,-0.0038412743774302164,0.006847581843808174,0.0,-0.026254416292690607,0.0,0.0,0.0,-0.010338208541565086,0.0095782893433205
201804,0.020521214894908435,0.003932311771819734,0.026074279116402713,0.007591950618638627,0.029756719080238355,0.0309203597112932,0.009095648795494082,0.01415887796806522,0.01623611529299632,0.0,0.00294955799110712,0.0,0.0,0.0,0.0356229231499553,0.007444649575027107
201805,0.027013649164687636,0.014295547278389187,0.01574809387927112,0.0066014153193219354,0.012614358342459947,0.015435555815105683,0.005518447197078562,0.013188398795133628,0.004280235621255961,0.0,0.004274744146238397,0.0,0.0017219902730314374,0.0017219902730314374,0.0017219902730314374,-0.003290349325381081
201806,0.037971416829394075,0.031360317374144915,0.030742543339897534,0.03307121657405226,0.01809790208277019,0.02658389310258546,0.02109529932724767,0.02659162045010225,0.00942217468736569,0.0,0.005967525143645375,0.0,0.0,-0.007108141409020163,-0.0015356244703172983,-0.007108141409020163
201807,0.02668312276347774,-0.001137822429947227,0.02110825116226686,0.007691113436457938,0.020833766742789448,0.01951178620216723,0.009861543584711314,0.00323661037325885,0.009703555974131839,0.0,-0.008570134576307262,0.0,0.0,0.0,-0.047328835166152494,0.0
201808,-0.02241300068672926,-0.028691998905480375,-0.029054610240761815,-0.010597946474186798,-0.023550033198105228,-0.022430207134794444,-0.007825187207996213,-0.017140132823262513,-0.004151548478948905,0.0,0.006639626055917447,0.0,0.008020373474526776,0.008020373474526776,0.018424603911581294,0.008020373474526776
201809,0.0022266941577327405,0.062119872490639376,-0.002675731741297647,0.045928103339945556,-0.0013376821305611012,0.0033521369007920108,0.046230560005618634,0.04584150570783449,0.0164842614605978,0.0,0.04141945118867678,0.0,0.0,-0.04801515212819907,0.0,-0.04801515212819907
201810,0.028367217319166763,0.04570678951168845,0.03312727317820913,0.06639209484647439,0.025622731406291854,0.028518088888884876,0.05146292547015568,0.049706236478138044,0.034622754557261985,0.0,0.03804800283628389,0.0,0.05955803185181452,0.05955803185181452,0.0,0.0
201811,-0.007447027844720877,-0.0037778139766428726,0.0032118614304918304,-0.01114262416516889,-0.002161452226816765,-0.005093944471029089,0.0007337573586140528,-0.0008968044191593927,0.0013013189141677967,0.0,0.016376393724457303,0.0,0.0,0.0,0.0,0.0
201812,0.05586270927353666,-0.005151871233608513,0.05715698957798425,-0.00026546730157823116,0.05533550749851131,0.057939702376730434,0.007940934565170537,0.013754033652524289,0.04052189186225434,0.0,0.02142552219283573,0.0,0.0,0.0,0.0,0.0
201901,-0.0016570419175894234,0.015873439599943293,0.0018843615159030071,0.019267490200593724,0.009506496380291699,0.01527494794821673,0.023032671040220606,0.019372675425344803,0.006529989671352588,0.0,0.0020159202003274513,0.0,0.0,0.0,0.0321078695339887,0.0321078695339887
201902,-0.025189137607700196,-0.020573284565009505,-0.023067573516924716,-0.01017592685176772,-0.02075200855628881,-0.024488876335284415,-0.0036581696498397165,0.0010090495674215474,0.007320808587339739,0.0,0.0070802322813990045,0.0,0.0,-0.019628813077652296,-0.00979961461796049,-0.019628813077652296
201903,0.020607068471465876,0.015194715249339309,0.009076417004958925,0.0001281327169751277,0.001575827706618474,0.004339674158964613,-0.005284434494344228,-0.00311209125401328,-0.008697736889365287,0.0,-0.0075319486076434764,0.0,0.0,0.0,0.0,0.0
201904,0.03091585788693589,-0.006411164929427842,-0.010667800367357476,-0.012279819089192682,0.007870486644806843,0.001928693778969821,-0.027280317737731062,-0.008567998435028978,-0.007045559596249881,0.0,-0.007781698286410968,0.0,0.0,0.0,0.0,0.0
201905,0.08936795552859686,0.06318941453659917,0.06784263540444513,0.05036171629315581,0.06787692852082602,0.069765322277267,0.05471098011130812,0.056636323233607365,0.022891285259070145,0.0,0.0036741038316801975,0.0,0.0,0.0,0.014730178448722597,0.030720755122666255
201906,0.012238245831995296,0.017071156009870178,0.0020677845117185304,0.012914239296829883,-0.0077398526858434005,-0.0028729263349288386,0.0036351350802840267,0.012279807059062287,0.011026494576042647,0.0,-0.016116961350504944,0.0,-0.02265659227616501,-0.006021149879497756,-0.02265659227616501,0.0
201907,-0.046169291312541515,-0.04500861145885923,-0.03767270286769977,-0.032948792934301696,-0.046543031696644276,-0.05464661462828952,-0.034153258613549654,-0.0323578411990491,-0.02924503864223555,0.0,-0.020128413317778468,0.0,0.0,0.0,0.0,0.0
201908,0.08143233505683076,0.029744618984901813,0.06874496925066026,0.016544693567983708,0.06804840440524966,0.05268895160788682,0.024479586566963262,0.01746986522255683,0.04645603467384035,0.0,0.03885012608706651,0.0,0.02786598941037366,0.0,0.015366236598192626,0.028586031369692764
201909,0.0283676436830394,-0.024407537825067206,0.029342659244689595,-0.027511691368222575,0.020637647335913223,0.020355829201527002,-0.025314796298008025,-0.020939176259072417,0.013421409043120829,0.0,-0.02352474128635763,0.0,0.0,0.0,0.012386639977688907,-0.011601779357349962
201910,-0.020840042358524793,-0.020245433117737268,-0.015260152702371358,-0.01771033523739778,-0.01037209600802389,-0.014309960528916681,-0.005055281635631091,-0.008515296490853759,0.009219225020580119,0.0,-0.004111385080889052,0.0,0.040988673798065256,0.040988673798065256,-0.018692934896880398,-0.01231867199420833
201911,0.016842376451377046,0.01774601413334426,0.029345150297253993,0.02622138564896192,0.029845483401108593,0.03062878803283108,0.02215409838414131,0.02408140351465067,0.0051245598229486536,0.0,0.014037094235718854,0.0,0.0,0.029065180414741487,-0.01889111675134858,-0.007366609581257124
201912,0.05710960217626158,0.01837529951056247,0.06675775908003526,0.03205815364550607,0.03638079287476565,0.05593172558699828,0.023155783438332314,0.02663448320901834,0.01021755042257225,0.0,0.00963126241349051,0.0,0.0,0.0,0.0,0.0
202001,-0.028873439180252976,0.02857916955422309,-0.029242028425956728,0.029636674802324573,-0.021099737109384186,-0.0290417326290736,0.021895893522836225,0.034374967430233,-0.011206065612138556,0.0,0.023174471722949105,0.0,0.0,0.0,-0.07396759892003402,0.0839389895928252
202002,-0.1630109216734078,0.0947628441188318,-0.14466123958787136,0.04616086258047587,-0.1283504079152787,-0.1459782843582832,0.04529589096167773,0.05878627218709633,-0.03114920234098544,0.0,0.027207190814785672,0.0,-0.1039659563340728,-0.08381663430621072,0.02049364661669091,0.06567294872208279
202003,0.14590899826316422,0.011181047843545892,0.14295639984521777,0.07852893668880011,0.1256501507774493,0.14532141846287325,0.0445672216971618,0.04974183105641806,0.059781899252184384,0.0,-0.021118911532296118,0.0,-0.031412536715796247,0.0,0.03231555654136957,0.0
202004,-0.027041492255623148,0.0012723191525933243,-0.010150858183425556,0.01507476917836204,0.01919758965558198,0.006045783508842257,0.02468387163724185,0.018619609124220365,0.0031320527750836346,0.0,0.016211528768103174,0.0,0.0011122450335137035,0.0021243728996303,-0.009033295586721711,-0.010462040145044316
202005,0.06134280532056651,0.06442130345153654,0.06256101577996996,0.06254896724248206,0.061416839749037534,0.06273957121348134,0.0695131920988749,0.0718544138526856,0.030185987680680145,0.0,0.01545155430666361,0.0,0.0,0.05917826802236881,0.025332579991447335,-0.0003547915917002653
202006,0.017919521864767484,0.00534810789604927,0.025639183508450607,0.0011292110739344011,-0.013859322769275817,0.013005134822698442,-0.009672378510694106,-0.0052059182749437235,-0.01735633668525824,0.0,-0.019873447918599726,0.0,-0.0076874738642944695,-0.08711207960137246,0.05730219424503802,-0.0076874738642944695
202007,0.020672069009311744,0.030134307456447063,0.028561352453993504,0.037993738139065904,0.014476995547819524,0.024387902739135808,0.020906543520854214,0.021083082710661675,0.01771503104394107,0.0,-0.01362067658030435,0.0,0.11711617121710627,0.06200067673728338,0.08853640189317785,0.0869767966290606
202008,-0.013963423290945666,-0.04730508307846138,-0.01932396870497845,-0.03502736921858567,-0.008302985414162195,-0.01650631587419191,-0.027022027032602067,-0.03310930308185512,0.009893460878298338,0.0,-0.006800271872092796,0.0,0.022785586139218918,0.01578440363258038,0.005816650256869692,-0.023741606345528132
202009,-0.038885393967671426,-0.036640436274159485,-0.034292432599992734,-0.03712291227046449,-0.04102814940061509,-0.03356892433983603,-0.01937710790169608,-0.011829925343033667,-0.01694078643334251,0.0,0.0062367532528417105,0.0,0.020101101261848275,0.06287606825606651,0.03596670712670572,0.027457410422558823
202010,0.06145472400371398,0.16080823031893673,0.10505241965836605,0.146839275569697,0.04313167328204876,0.0773186838869636,0.11103954754469637,0.13098900365886457,0.04412415044878321,0.0,0.01430185656927604,0.0,-0.0070114689507203565,-0.015602751430549844,-0.000162283724742536,0.012457700773158626
202011,-0.0042903082850581035,0.024263126095092895,0.0022614737767091024,0.02462205104168704,0.0016077335612907394,-0.0025012315434802222,0.029497095907147344,0.026054890503509228,0.00947353094274243,0.0,0.026893865956999607,0.0,0.023213190813022866,0.0,0.0128738309529349,0.011871370535975978
202012,0.00940948807657172,0.027442039244635404,0.00873200738353478,0.03365922094448513,0.008812413711090013,0.004959535640211881,0.030753997836748002,0.03052979322503116,0.0030141510227429022,0.0,0.02869790829239628,0.0,0.0,-0.022156243152935517,-0.0334408198135181,0.0
202101,0.03545113184860358,0.1085665510588187,0.0482419283628319,0.12644250076222346,0.041154400281306486,0.04728267779526889,0.07324615959185724,0.09161479815148228,0.0011750178259061687,0.0,0.020989192120038903,0.0,-0.04140900985577478,-0.04140900985577478,0.012980587049448919,0.014073413344269588
